condition,precision,recall,f1,ap50,tp,fp,fn,n_gt,op_precision,op_recall,op_f1,op_conf,n_tracks,mean_track_len,frag_per_track,total_frag,eo_lost_frames,ir_lost_frames,lat_p50_ms,lat_p95_ms,lat_max_ms,sequence,time_of_day,mode_fuse,mode_eo_only,mode_ir_only,mode_none,mean_w_ir
EO_only,0.2029,0.975,0.3359,0.9047,2539,9974,65,2604,0.6106,0.9443,0.7417,0.1,151,45.848,2.947,445,0,1200,28.19,39.26,3784.9,set02/V001,day,,,,,
IR_only,0.2491,0.985,0.3976,0.9177,2565,7734,39,2604,0.5568,0.9612,0.7052,0.1,139,48.525,2.763,384,1200,0,28.19,39.26,3784.9,set02/V001,day,,,,,
Fusion,0.1557,0.9862,0.269,0.9195,2568,13921,36,2604,0.419,0.9727,0.5857,0.1,216,43.333,2.963,640,0,0,28.19,39.26,3784.9,set02/V001,day,,,,,
Adaptive,0.1727,0.9869,0.294,0.9144,2570,12308,34,2604,0.448,0.9731,0.6136,0.1,192,43.953,2.974,571,0,0,28.19,39.26,3784.9,set02/V001,day,0.744,0.04,0.216,0.0,0.633
Fusion_IRdrop10,0.1589,0.985,0.2737,0.9115,2565,13573,39,2604,0.4311,0.9704,0.597,0.1,222,41.586,3.239,719,0,111,28.19,39.26,3784.9,set02/V001,day,,,,,
Adaptive_IRdrop10,0.1719,0.9835,0.2927,0.9076,2561,12336,43,2604,0.4506,0.9685,0.615,0.1,206,41.228,3.403,701,0,111,28.19,39.26,3784.9,set02/V001,day,0.77,0.031,0.199,0.0,0.603
Fusion_EOdrop10,0.1616,0.9862,0.2776,0.9148,2568,13328,36,2604,0.4301,0.9727,0.5965,0.1,219,41.767,3.379,740,111,0,28.19,39.26,3784.9,set02/V001,day,,,,,
Adaptive_EOdrop10,0.174,0.9835,0.2956,0.9114,2561,12160,43,2604,0.4479,0.97,0.6128,0.1,199,41.859,3.151,627,111,0,28.19,39.26,3784.9,set02/V001,day,0.806,0.033,0.162,0.0,0.591
Fusion_IRdrop30,0.1675,0.9831,0.2862,0.8988,2560,12723,44,2604,0.4677,0.9643,0.6299,0.1,227,38.194,3.414,775,0,364,28.19,39.26,3784.9,set02/V001,day,,,,,
Adaptive_IRdrop30,0.1829,0.9658,0.3076,0.8871,2515,11235,89,2604,0.4906,0.9489,0.6468,0.1,211,37.706,3.682,777,0,364,28.19,39.26,3784.9,set02/V001,day,0.786,0.031,0.183,0.0,0.564
Fusion_EOdrop30,0.1759,0.9866,0.2985,0.9092,2569,12038,35,2604,0.4563,0.9708,0.6208,0.1,227,36.885,3.115,707,364,0,28.19,39.26,3784.9,set02/V001,day,,,,,
Adaptive_EOdrop30,0.1897,0.9681,0.3172,0.8921,2521,10770,83,2604,0.4764,0.9528,0.6352,0.1,196,38.781,3.357,658,364,0,28.19,39.26,3784.9,set02/V001,day,0.744,0.084,0.172,0.0,0.595
Fusion_IRdrop50,0.1769,0.982,0.2998,0.8909,2557,11899,47,2604,0.5025,0.9597,0.6596,0.1,232,35.302,3.086,716,0,602,28.19,39.26,3784.9,set02/V001,day,,,,,
Adaptive_IRdrop50,0.192,0.9812,0.3212,0.8924,2555,10751,49,2604,0.524,0.9585,0.6776,0.1,202,37.98,3.104,627,0,602,28.19,39.26,3784.9,set02/V001,day,0.749,0.087,0.164,0.0,0.478
Fusion_EOdrop50,0.1918,0.9866,0.3212,0.9051,2569,10824,35,2604,0.4811,0.9677,0.6427,0.1,222,35.329,3.081,684,602,0,28.19,39.26,3784.9,set02/V001,day,,,,,
Adaptive_EOdrop50,0.2011,0.9666,0.333,0.8834,2517,9998,87,2604,0.4979,0.947,0.6526,0.1,191,38.168,3.058,584,602,0,28.19,39.26,3784.9,set02/V001,day,0.754,0.047,0.199,0.0,0.698
Fusion_IRdrop70,0.1867,0.9796,0.3136,0.8912,2551,11116,53,2604,0.5425,0.9535,0.6915,0.1,205,38.151,2.937,602,0,832,28.19,39.26,3784.9,set02/V001,day,,,,,
Adaptive_IRdrop70,0.1917,0.977,0.3205,0.8908,2544,10726,60,2604,0.5527,0.9505,0.699,0.1,197,38.025,2.848,561,0,832,28.19,39.26,3784.9,set02/V001,day,0.733,0.228,0.04,0.0,0.344
Fusion_EOdrop70,0.2111,0.9862,0.3477,0.9084,2568,9598,36,2604,0.5113,0.9666,0.6688,0.1,190,38.847,2.8,532,832,0,28.19,39.26,3784.9,set02/V001,day,,,,,
Adaptive_EOdrop70,0.2217,0.9854,0.3619,0.9082,2566,9010,38,2604,0.5233,0.9651,0.6786,0.1,173,41.191,2.792,483,832,0,28.19,39.26,3784.9,set02/V001,day,0.576,0.172,0.252,0.0,0.632
Fusion_IRdelay1,0.1556,0.9881,0.2689,0.907,2573,13962,31,2604,0.4119,0.9727,0.5788,0.1,232,40.47,2.711,629,0,1,28.19,39.26,3784.9,set02/V001,day,,,,,
Adaptive_IRdelay1,0.1714,0.9858,0.292,0.9012,2567,12414,37,2604,0.4351,0.9681,0.6004,0.1,195,44.0,3.118,608,0,1,28.19,39.26,3784.9,set02/V001,day,0.705,0.102,0.193,0.0,0.567
Fusion_IRdelay2,0.1547,0.9889,0.2675,0.895,2575,14070,29,2604,0.406,0.9781,0.5738,0.1,229,41.441,2.865,656,0,2,28.19,39.26,3784.9,set02/V001,day,,,,,
Adaptive_IRdelay2,0.1629,0.9873,0.2796,0.89,2571,13215,33,2604,0.4291,0.9747,0.5958,0.1,203,42.764,3.079,625,0,2,28.19,39.26,3784.9,set02/V001,day,0.79,0.122,0.088,0.0,0.465
Fusion_IRdelay5,0.1507,0.9831,0.2613,0.8361,2560,14433,44,2604,0.3793,0.9693,0.5453,0.1,243,40.745,2.901,705,0,5,28.19,39.26,3784.9,set02/V001,day,,,,,
Adaptive_IRdelay5,0.1731,0.977,0.2941,0.8243,2544,12151,60,2604,0.4193,0.9551,0.5828,0.1,225,38.32,2.596,584,0,5,28.19,39.26,3784.9,set02/V001,day,0.533,0.198,0.268,0.0,0.512
EO_only,0.0804,0.9743,0.1485,0.7549,3223,36887,85,3308,0.3043,0.893,0.4539,0.1,346,60.061,3.026,1047,0,1200,27.61,39.73,152.99,set03/V001,night,,,,,
IR_only,0.2895,0.994,0.4484,0.951,3288,8070,20,3308,0.6016,0.981,0.7458,0.1,124,64.444,2.968,368,1200,0,27.61,39.73,152.99,set03/V001,night,,,,,
Fusion,0.0795,0.9946,0.1472,0.9295,3290,38106,18,3308,0.2798,0.9915,0.4365,0.1,382,56.605,2.652,1013,0,0,27.61,39.73,152.99,set03/V001,night,,,,,
Adaptive,0.0895,0.9909,0.1642,0.9116,3278,33346,30,3308,0.3302,0.9849,0.4946,0.1,331,53.716,2.707,896,0,0,27.61,39.73,152.99,set03/V001,night,0.818,0.073,0.108,0.0,0.571
Fusion_IRdrop10,0.0796,0.993,0.1474,0.9074,3285,37985,23,3308,0.282,0.984,0.4383,0.1,368,59.557,2.859,1052,0,111,27.61,39.73,152.99,set03/V001,night,,,,,
Adaptive_IRdrop10,0.0894,0.9873,0.1639,0.9,3266,33274,42,3308,0.3311,0.9785,0.4948,0.1,326,53.828,2.837,925,0,111,27.61,39.73,152.99,set03/V001,night,0.874,0.033,0.092,0.0,0.621
Fusion_EOdrop10,0.0849,0.9946,0.1565,0.9275,3290,35445,18,3308,0.2938,0.9909,0.4532,0.1,405,50.63,4.41,1786,111,0,27.61,39.73,152.99,set03/V001,night,,,,,
Adaptive_EOdrop10,0.0985,0.9915,0.1792,0.9112,3280,30021,28,3308,0.3496,0.9834,0.5158,0.1,337,47.819,3.819,1287,111,0,27.61,39.73,152.99,set03/V001,night,0.766,0.091,0.143,0.0,0.607
Fusion_IRdrop30,0.0798,0.9885,0.1476,0.8593,3270,37722,38,3308,0.2863,0.9646,0.4415,0.1,378,56.937,3.008,1137,0,364,27.61,39.73,152.99,set03/V001,night,,,,,
Adaptive_IRdrop30,0.0968,0.9525,0.1758,0.8395,3151,29385,157,3308,0.3318,0.9338,0.4896,0.1,337,48.953,3.053,1029,0,364,27.61,39.73,152.99,set03/V001,night,0.77,0.018,0.212,0.0,0.633
Fusion_EOdrop30,0.1011,0.9952,0.1836,0.9248,3292,29268,16,3308,0.3324,0.9891,0.4975,0.1,404,41.146,5.894,2381,364,0,27.61,39.73,152.99,set03/V001,night,,,,,
Adaptive_EOdrop30,0.1115,0.9825,0.2002,0.9064,3250,25906,58,3308,0.3935,0.971,0.5601,0.1,338,40.609,5.275,1783,364,0,27.61,39.73,152.99,set03/V001,night,0.8,0.102,0.098,0.0,0.605
Fusion_IRdrop50,0.08,0.9852,0.1479,0.8166,3259,37502,49,3308,0.2916,0.9468,0.4459,0.1,383,55.715,2.859,1095,0,602,27.61,39.73,152.99,set03/V001,night,,,,,
Adaptive_IRdrop50,0.0895,0.9365,0.1635,0.787,3098,31499,210,3308,0.3217,0.9039,0.4746,0.1,361,48.729,3.296,1190,0,602,27.61,39.73,152.99,set03/V001,night,0.801,0.102,0.098,0.0,0.493
Fusion_EOdrop50,0.1246,0.9952,0.2215,0.9256,3292,23121,16,3308,0.3818,0.9861,0.5505,0.1,448,30.717,4.915,2202,602,0,27.61,39.73,152.99,set03/V001,night,,,,,
Adaptive_EOdrop50,0.1451,0.9752,0.2526,0.9143,3226,19009,82,3308,0.4701,0.9637,0.632,0.1,248,42.379,4.641,1151,602,0,27.61,39.73,152.99,set03/V001,night,0.736,0.044,0.22,0.0,0.775
Fusion_IRdrop70,0.08,0.9807,0.148,0.7782,3244,37295,64,3308,0.2951,0.9226,0.4472,0.1,369,58.203,2.949,1088,0,832,27.61,39.73,152.99,set03/V001,night,,,,,
Adaptive_IRdrop70,0.0848,0.9347,0.1555,0.7562,3092,33372,216,3308,0.3125,0.8854,0.462,0.1,413,44.782,3.065,1266,0,832,27.61,39.73,152.99,set03/V001,night,0.727,0.229,0.044,0.0,0.397
Fusion_EOdrop70,0.1606,0.9946,0.2766,0.9328,3290,17194,18,3308,0.4463,0.9852,0.6143,0.1,422,26.464,3.419,1443,832,0,27.61,39.73,152.99,set03/V001,night,,,,,
Adaptive_EOdrop70,0.1801,0.9921,0.3048,0.9332,3282,14942,26,3308,0.5032,0.9825,0.6655,0.1,247,40.0,3.66,904,832,0,27.61,39.73,152.99,set03/V001,night,0.675,0.003,0.322,0.0,0.803
Fusion_IRdelay1,0.0794,0.9949,0.147,0.9135,3291,38172,17,3308,0.2749,0.9912,0.4304,0.1,386,56.744,2.798,1080,0,1,27.61,39.73,152.99,set03/V001,night,,,,,
Adaptive_IRdelay1,0.0945,0.9937,0.1726,0.8973,3287,31499,21,3308,0.3275,0.9858,0.4916,0.1,318,53.739,2.585,822,0,1,27.61,39.73,152.99,set03/V001,night,0.762,0.074,0.163,0.0,0.596
Fusion_IRdelay2,0.079,0.9927,0.1463,0.8747,3284,38302,24,3308,0.2674,0.9867,0.4207,0.1,393,56.112,2.837,1115,0,2,27.61,39.73,152.99,set03/V001,night,,,,,
Adaptive_IRdelay2,0.0895,0.99,0.1641,0.8344,3275,33331,33,3308,0.3161,0.9692,0.4767,0.1,328,55.415,2.841,932,0,2,27.61,39.73,152.99,set03/V001,night,0.756,0.142,0.102,0.0,0.519
Fusion_IRdelay5,0.0778,0.9885,0.1442,0.6049,3270,38767,38,3308,0.2481,0.9525,0.3937,0.1,397,56.181,2.781,1104,0,5,27.61,39.73,152.99,set03/V001,night,,,,,
Adaptive_IRdelay5,0.0894,0.964,0.1636,0.5892,3189,32488,119,3308,0.2979,0.9099,0.4488,0.1,336,51.679,2.765,929,0,5,27.61,39.73,152.99,set03/V001,night,0.698,0.149,0.153,0.0,0.584
EO_only,0.1077,0.9768,0.1941,0.6635,2692,22292,64,2756,0.3092,0.897,0.4599,0.1,354,40.966,2.972,1052,0,1159,27.44,38.5,171.34,set01/V001,day,,,,,
IR_only,0.2182,0.9681,0.3561,0.7882,2668,9560,88,2756,0.5218,0.9238,0.6669,0.1,202,38.347,2.505,506,1159,0,27.44,38.5,171.34,set01/V001,day,,,,,
Fusion,0.0974,0.9888,0.1773,0.8118,2725,25265,31,2756,0.2609,0.9648,0.4108,0.1,483,33.969,2.611,1261,0,0,27.44,38.5,171.34,set01/V001,day,,,,,
Adaptive,0.0983,0.9888,0.1788,0.8117,2725,24998,31,2756,0.2758,0.9623,0.4287,0.1,436,35.61,2.736,1193,0,0,27.44,38.5,171.34,set01/V001,day,0.949,0.021,0.03,0.0,0.599
Fusion_IRdrop10,0.0984,0.9873,0.1789,0.784,2721,24943,35,2756,0.2648,0.9546,0.4146,0.1,479,33.8,2.668,1278,0,108,27.44,38.5,171.34,set01/V001,day,,,,,
Adaptive_IRdrop10,0.1002,0.9793,0.1818,0.7742,2699,24235,57,2756,0.2896,0.9434,0.4432,0.1,415,35.976,3.133,1300,0,108,27.44,38.5,171.34,set01/V001,day,0.953,0.022,0.025,0.0,0.581
Fusion_EOdrop10,0.1032,0.9869,0.1869,0.8039,2720,23629,36,2756,0.2762,0.9623,0.4292,0.1,460,33.609,3.711,1707,108,0,27.44,38.5,171.34,set01/V001,day,,,,,
Adaptive_EOdrop10,0.1067,0.9844,0.1925,0.7969,2713,22712,43,2756,0.3074,0.9554,0.4652,0.1,428,31.86,3.18,1361,108,0,27.44,38.5,171.34,set01/V001,day,0.951,0.005,0.044,0.0,0.624
Fusion_IRdrop30,0.1002,0.9855,0.1819,0.7397,2716,24383,40,2756,0.273,0.9409,0.4232,0.1,481,32.925,2.819,1356,0,349,27.44,38.5,171.34,set01/V001,day,,,,,
Adaptive_IRdrop30,0.1003,0.9739,0.1818,0.7333,2684,24084,72,2756,0.2799,0.9271,0.43,0.1,463,33.004,2.832,1311,0,349,27.44,38.5,171.34,set01/V001,day,0.967,0.008,0.025,0.0,0.517
Fusion_EOdrop30,0.117,0.984,0.2092,0.7935,2712,20465,44,2756,0.3071,0.9539,0.4646,0.1,491,27.637,3.953,1941,349,0,27.44,38.5,171.34,set01/V001,day,,,,,
Adaptive_EOdrop30,0.1199,0.9815,0.2137,0.7947,2705,19854,51,2756,0.3428,0.9492,0.5037,0.1,412,29.544,3.828,1577,349,0,27.44,38.5,171.34,set01/V001,day,0.952,0.003,0.045,0.0,0.638
Fusion_IRdrop50,0.1023,0.9833,0.1853,0.7131,2710,23785,46,2756,0.2833,0.93,0.4343,0.1,491,32.081,2.686,1319,0,581,27.44,38.5,171.34,set01/V001,day,,,,,
Adaptive_IRdrop50,0.1027,0.9833,0.186,0.7147,2710,23668,46,2756,0.2863,0.9274,0.4376,0.1,446,34.28,2.715,1211,0,581,27.44,38.5,171.34,set01/V001,day,0.94,0.042,0.017,0.0,0.426
Fusion_EOdrop50,0.1359,0.98,0.2387,0.7901,2701,17175,55,2756,0.352,0.943,0.5126,0.1,465,24.815,3.837,1784,581,0,27.44,38.5,171.34,set01/V001,day,,,,,
Adaptive_EOdrop50,0.1367,0.9797,0.24,0.7924,2700,17046,56,2756,0.3908,0.9401,0.5521,0.1,365,28.773,3.647,1331,581,0,27.44,38.5,171.34,set01/V001,day,0.938,0.018,0.044,0.0,0.724
Fusion_IRdrop70,0.1045,0.9811,0.1889,0.6831,2704,23168,52,2756,0.2926,0.9173,0.4436,0.1,432,35.391,2.843,1228,0,806,27.44,38.5,171.34,set01/V001,day,,,,,
Adaptive_IRdrop70,0.1051,0.9811,0.1898,0.6857,2704,23036,52,2756,0.2947,0.9165,0.446,0.1,435,35.138,2.823,1228,0,806,27.44,38.5,171.34,set01/V001,day,0.791,0.18,0.028,0.0,0.374
Fusion_EOdrop70,0.1587,0.9746,0.273,0.784,2686,14235,70,2756,0.4017,0.9365,0.5622,0.1,424,23.425,2.858,1212,806,0,27.44,38.5,171.34,set01/V001,day,,,,,
Adaptive_EOdrop70,0.1603,0.9735,0.2752,0.7857,2683,14059,73,2756,0.4347,0.934,0.5932,0.1,324,28.654,2.904,941,806,0,27.44,38.5,171.34,set01/V001,day,0.758,0.015,0.228,0.0,0.763
Fusion_IRdelay1,0.0963,0.9902,0.1755,0.7826,2729,25613,27,2756,0.2532,0.9641,0.4011,0.1,466,36.251,2.678,1248,0,1,27.44,38.5,171.34,set01/V001,day,,,,,
Adaptive_IRdelay1,0.0966,0.9898,0.1759,0.7844,2728,25525,28,2756,0.2671,0.9615,0.4181,0.1,436,36.569,2.638,1150,0,1,27.44,38.5,171.34,set01/V001,day,0.956,0.043,0.001,0.0,0.511
Fusion_IRdelay2,0.0949,0.9917,0.1733,0.7104,2733,26058,23,2756,0.2461,0.9536,0.3912,0.1,455,37.714,2.84,1292,0,2,27.44,38.5,171.34,set01/V001,day,,,,,
Adaptive_IRdelay2,0.0958,0.9913,0.1747,0.7042,2732,25784,24,2756,0.2589,0.9514,0.407,0.1,453,36.128,2.766,1253,0,2,27.44,38.5,171.34,set01/V001,day,0.916,0.076,0.008,0.0,0.471
Fusion_IRdelay5,0.0917,0.9862,0.1678,0.5595,2718,26924,38,2756,0.2334,0.9314,0.3733,0.1,474,36.451,2.648,1255,0,5,27.44,38.5,171.34,set01/V001,day,,,,,
Adaptive_IRdelay5,0.0961,0.9779,0.1751,0.5472,2695,25335,61,2756,0.2578,0.914,0.4021,0.1,398,39.244,2.859,1138,0,5,27.44,38.5,171.34,set01/V001,day,0.805,0.143,0.052,0.0,0.483
EO_only,0.3091,0.6572,0.4204,0.4681,2145,4795,1119,3264,0.5884,0.5671,0.5775,0.1,158,26.88,1.696,268,0,1200,27.85,38.6,46.68,set11/V000,night,,,,,
IR_only,0.2153,0.8968,0.3473,0.678,2927,10665,337,3264,0.495,0.8425,0.6236,0.1,192,42.12,2.172,417,1200,0,27.85,38.6,46.68,set11/V000,night,,,,,
Fusion,0.1851,0.9084,0.3076,0.6954,2965,13050,299,3264,0.4484,0.8692,0.5916,0.1,258,35.217,2.035,525,0,0,27.85,38.6,46.68,set11/V000,night,,,,,
Adaptive,0.1952,0.8784,0.3194,0.6527,2867,11824,397,3264,0.4729,0.8318,0.603,0.1,254,31.012,1.902,483,0,0,27.85,38.6,46.68,set11/V000,night,0.81,0.117,0.073,0.0,0.462
Fusion_IRdrop10,0.1903,0.8839,0.3132,0.6753,2885,12276,379,3264,0.4544,0.8395,0.5896,0.1,272,31.776,2.838,772,0,111,27.85,38.6,46.68,set11/V000,night,,,,,
Adaptive_IRdrop10,0.2014,0.8704,0.3272,0.6503,2841,11263,423,3264,0.4806,0.8153,0.6047,0.1,252,30.012,2.536,639,0,111,27.85,38.6,46.68,set11/V000,night,0.826,0.107,0.067,0.0,0.5
Fusion_EOdrop10,0.1879,0.9099,0.3115,0.697,2970,12838,294,3264,0.4535,0.8686,0.5959,0.1,264,34.019,2.087,551,111,0,27.85,38.6,46.68,set11/V000,night,,,,,
Adaptive_EOdrop10,0.199,0.8753,0.3242,0.6468,2857,11502,407,3264,0.4708,0.8122,0.5961,0.1,240,32.442,2.117,508,111,0,27.85,38.6,46.68,set11/V000,night,0.782,0.102,0.115,0.0,0.512
Fusion_IRdrop30,0.2045,0.8284,0.3281,0.6135,2704,10516,560,3264,0.4673,0.7665,0.5806,0.1,281,26.612,3.683,1035,0,364,27.85,38.6,46.68,set11/V000,night,,,,,
Adaptive_IRdrop30,0.2095,0.8143,0.3332,0.5928,2658,10031,606,3264,0.4913,0.7454,0.5923,0.1,262,25.84,3.271,857,0,364,27.85,38.6,46.68,set11/V000,night,0.914,0.049,0.037,0.0,0.46
Fusion_EOdrop30,0.194,0.9084,0.3197,0.691,2965,12320,299,3264,0.462,0.8631,0.6018,0.1,253,34.775,2.494,631,364,0,27.85,38.6,46.68,set11/V000,night,,,,,
Adaptive_EOdrop30,0.2048,0.8566,0.3306,0.6415,2796,10854,468,3264,0.4811,0.8018,0.6013,0.1,235,31.732,2.536,596,364,0,27.85,38.6,46.68,set11/V000,night,0.81,0.11,0.08,0.0,0.51
Fusion_IRdrop50,0.2219,0.7822,0.3457,0.5713,2553,8954,711,3264,0.4896,0.7108,0.5798,0.1,281,23.313,3.744,1052,0,602,27.85,38.6,46.68,set11/V000,night,,,,,
Adaptive_IRdrop50,0.231,0.7632,0.3546,0.5462,2491,8294,773,3264,0.5155,0.6847,0.5882,0.1,257,22.342,2.84,730,0,602,27.85,38.6,46.68,set11/V000,night,0.807,0.149,0.044,0.0,0.325
Fusion_EOdrop50,0.1985,0.9029,0.3254,0.6873,2947,11901,317,3264,0.4682,0.856,0.6053,0.1,260,33.054,2.235,581,602,0,27.85,38.6,46.68,set11/V000,night,,,,,
Adaptive_EOdrop50,0.2016,0.883,0.3282,0.6769,2882,11417,382,3264,0.4788,0.8376,0.6093,0.1,238,34.37,2.529,602,602,0,27.85,38.6,46.68,set11/V000,night,0.838,0.037,0.124,0.0,0.64
Fusion_IRdrop70,0.2461,0.7328,0.3685,0.5272,2392,7328,872,3264,0.5208,0.6529,0.5794,0.1,268,20.959,2.731,732,0,832,27.85,38.6,46.68,set11/V000,night,,,,,
Adaptive_IRdrop70,0.2529,0.7255,0.375,0.5213,2368,6996,896,3264,0.5397,0.6431,0.5869,0.1,245,21.261,2.408,590,0,832,27.85,38.6,46.68,set11/V000,night,0.736,0.24,0.024,0.0,0.321
Fusion_EOdrop70,0.2046,0.8992,0.3334,0.6853,2935,11410,329,3264,0.4776,0.8502,0.6116,0.1,243,34.481,2.152,523,832,0,27.85,38.6,46.68,set11/V000,night,,,,,
Adaptive_EOdrop70,0.2064,0.8989,0.3357,0.69,2934,11281,330,3264,0.4837,0.8499,0.6165,0.1,228,36.123,2.171,495,832,0,27.85,38.6,46.68,set11/V000,night,0.693,0.004,0.302,0.0,0.765
Fusion_IRdelay1,0.1843,0.905,0.3062,0.685,2954,13076,310,3264,0.4395,0.8661,0.5831,0.1,293,30.744,1.86,545,0,1,27.85,38.6,46.68,set11/V000,night,,,,,
Adaptive_IRdelay1,0.1995,0.8609,0.324,0.6366,2810,11272,454,3264,0.4712,0.8009,0.5933,0.1,252,29.726,1.841,464,0,1,27.85,38.6,46.68,set11/V000,night,0.743,0.17,0.087,0.0,0.459
Fusion_IRdelay2,0.1778,0.8768,0.2957,0.6177,2862,13231,402,3264,0.4136,0.8349,0.5532,0.1,290,31.983,2.079,603,0,2,27.85,38.6,46.68,set11/V000,night,,,,,
Adaptive_IRdelay2,0.193,0.8327,0.3134,0.573,2718,11366,546,3264,0.4417,0.7644,0.5599,0.1,254,30.035,1.965,499,0,2,27.85,38.6,46.68,set11/V000,night,0.706,0.177,0.117,0.0,0.462
Fusion_IRdelay5,0.1617,0.8214,0.2702,0.4699,2681,13902,583,3264,0.3494,0.7583,0.4784,0.1,286,34.147,2.231,638,0,5,27.85,38.6,46.68,set11/V000,night,,,,,
Adaptive_IRdelay5,0.1846,0.7534,0.2965,0.4218,2459,10863,805,3264,0.3908,0.6593,0.4907,0.1,248,30.194,2.065,512,0,5,27.85,38.6,46.68,set11/V000,night,0.48,0.283,0.237,0.0,0.485
EO_only,0.1835,0.8325,0.3008,0.6,4124,18346,830,4954,0.4825,0.6465,0.5526,0.1,362,33.588,2.229,807,0,1200,28.3,39.21,152.52,set08/V002,day,,,,,
IR_only,0.2576,0.7196,0.3794,0.5385,3565,10276,1389,4954,0.5437,0.5547,0.5492,0.1,253,32.055,2.04,516,1200,0,28.3,39.21,152.52,set08/V002,day,,,,,
Fusion,0.1588,0.8849,0.2693,0.636,4384,23220,570,4954,0.3879,0.7323,0.5072,0.1,473,32.937,2.283,1080,0,0,28.3,39.21,152.52,set08/V002,day,,,,,
Adaptive,0.1681,0.8415,0.2803,0.6079,4169,20625,785,4954,0.417,0.694,0.5209,0.1,455,29.69,2.07,942,0,0,28.3,39.21,152.52,set08/V002,day,0.777,0.065,0.158,0.0,0.544
Fusion_IRdrop10,0.1609,0.8817,0.2722,0.6306,4368,22771,586,4954,0.3945,0.7253,0.511,0.1,484,31.295,2.287,1107,0,111,28.3,39.21,152.52,set08/V002,day,,,,,
Adaptive_IRdrop10,0.1661,0.8411,0.2774,0.6008,4167,20926,787,4954,0.4141,0.6928,0.5184,0.1,444,31.333,2.498,1109,0,111,28.3,39.21,152.52,set08/V002,day,0.82,0.068,0.112,0.0,0.514
Fusion_EOdrop10,0.1638,0.869,0.2757,0.6241,4305,21975,649,4954,0.3946,0.717,0.5091,0.1,480,31.067,2.798,1343,111,0,28.3,39.21,152.52,set08/V002,day,,,,,
Adaptive_EOdrop10,0.1705,0.8528,0.2842,0.6119,4225,20555,729,4954,0.4267,0.696,0.529,0.1,446,29.473,2.713,1210,111,0,28.3,39.21,152.52,set08/V002,day,0.828,0.099,0.072,0.0,0.521
Fusion_IRdrop30,0.1656,0.872,0.2783,0.6177,4320,21767,634,4954,0.4107,0.7097,0.5203,0.1,501,28.764,2.303,1154,0,364,28.3,39.21,152.52,set08/V002,day,,,,,
Adaptive_IRdrop30,0.1678,0.8565,0.2806,0.6091,4243,21045,711,4954,0.4314,0.692,0.5314,0.1,465,28.852,2.574,1197,0,364,28.3,39.21,152.52,set08/V002,day,0.891,0.081,0.028,0.0,0.445
Fusion_EOdrop30,0.1766,0.8365,0.2917,0.5986,4144,19316,810,4954,0.4141,0.6819,0.5153,0.1,499,26.455,3.122,1558,364,0,28.3,39.21,152.52,set08/V002,day,,,,,
Adaptive_EOdrop30,0.1788,0.7885,0.2915,0.5644,3906,17940,1048,4954,0.4338,0.6409,0.5174,0.1,450,25.438,2.978,1340,364,0,28.3,39.21,152.52,set08/V002,day,0.832,0.082,0.087,0.0,0.574
Fusion_IRdrop50,0.1698,0.8619,0.2837,0.6101,4270,20878,684,4954,0.4271,0.691,0.5279,0.1,501,27.868,2.355,1180,0,602,28.3,39.21,152.52,set08/V002,day,,,,,
Adaptive_IRdrop50,0.1704,0.8563,0.2842,0.6073,4242,20658,712,4954,0.4379,0.6827,0.5335,0.1,470,29.123,2.411,1133,0,602,28.3,39.21,152.52,set08/V002,day,0.921,0.079,0.0,0.0,0.312
Fusion_EOdrop50,0.191,0.803,0.3086,0.5756,3978,16847,976,4954,0.4389,0.6447,0.5222,0.1,520,22.392,2.787,1449,602,0,28.3,39.21,152.52,set08/V002,day,,,,,
Adaptive_EOdrop50,0.1926,0.7582,0.3072,0.5408,3756,15741,1198,4954,0.4555,0.6023,0.5187,0.1,438,23.735,3.009,1318,602,0,28.3,39.21,152.52,set08/V002,day,0.838,0.056,0.106,0.0,0.636
Fusion_IRdrop70,0.1748,0.8504,0.29,0.6012,4213,19886,741,4954,0.4459,0.674,0.5367,0.1,459,29.028,2.122,974,0,832,28.3,39.21,152.52,set08/V002,day,,,,,
Adaptive_IRdrop70,0.1757,0.8452,0.2909,0.599,4187,19650,767,4954,0.4536,0.6692,0.5407,0.1,431,29.831,2.109,909,0,832,28.3,39.21,152.52,set08/V002,day,0.764,0.214,0.022,0.0,0.288
Fusion_EOdrop70,0.2107,0.7693,0.3308,0.5522,3811,14278,1143,4954,0.4696,0.6074,0.5297,0.1,474,21.527,2.297,1089,832,0,28.3,39.21,152.52,set08/V002,day,,,,,
Adaptive_EOdrop70,0.2133,0.764,0.3335,0.5511,3785,13957,1169,4954,0.4868,0.5999,0.5375,0.1,414,23.751,2.302,953,832,0,28.3,39.21,152.52,set08/V002,day,0.753,0.001,0.246,0.0,0.749
Fusion_IRdelay1,0.1559,0.8779,0.2647,0.6132,4349,23551,605,4954,0.3789,0.7299,0.4989,0.1,481,32.632,2.237,1076,0,1,28.3,39.21,152.52,set08/V002,day,,,,,
Adaptive_IRdelay1,0.1599,0.8658,0.27,0.6119,4289,22527,665,4954,0.4001,0.714,0.5128,0.1,458,31.476,2.179,998,0,1,28.3,39.21,152.52,set08/V002,day,0.849,0.109,0.042,0.0,0.457
Fusion_IRdelay2,0.1537,0.8769,0.2616,0.5893,4344,23915,610,4954,0.3686,0.7233,0.4883,0.1,484,32.95,2.099,1016,0,2,28.3,39.21,152.52,set08/V002,day,,,,,
Adaptive_IRdelay2,0.1626,0.865,0.2738,0.5891,4285,22063,669,4954,0.4034,0.7039,0.5128,0.1,441,31.73,2.043,901,0,2,28.3,39.21,152.52,set08/V002,day,0.802,0.123,0.075,0.0,0.472
Fusion_IRdelay5,0.1474,0.8704,0.2522,0.5447,4312,24932,642,4954,0.3454,0.7031,0.4633,0.1,489,33.601,2.204,1078,0,5,28.3,39.21,152.52,set08/V002,day,,,,,
Adaptive_IRdelay5,0.1611,0.8292,0.2697,0.5401,4108,21399,846,4954,0.3943,0.6609,0.4939,0.1,435,30.749,1.945,846,0,5,28.3,39.21,152.52,set08/V002,day,0.652,0.232,0.117,0.0,0.413
EO_only,0.0772,0.9612,0.143,0.83,1782,21288,72,1854,0.4106,0.8603,0.5558,0.1,279,34.183,3.226,900,0,1200,28.69,39.13,48.03,set03/V000,night,,,,,
IR_only,0.323,0.9951,0.4877,0.955,1845,3867,9,1854,0.6897,0.9784,0.8091,0.1,73,48.247,2.014,147,1200,0,28.69,39.13,48.03,set03/V000,night,,,,,
Fusion,0.0747,0.9968,0.1389,0.9374,1848,22899,6,1854,0.3713,0.9844,0.5392,0.1,288,36.983,3.396,978,0,0,28.69,39.13,48.03,set03/V000,night,,,,,
Adaptive,0.0821,0.9908,0.1517,0.9375,1837,20533,17,1854,0.4427,0.9736,0.6087,0.1,259,30.537,2.629,681,0,0,28.69,39.13,48.03,set03/V000,night,0.683,0.189,0.128,0.0,0.556
Fusion_IRdrop10,0.0749,0.9924,0.1392,0.923,1840,22742,14,1854,0.3743,0.972,0.5405,0.1,297,35.424,3.246,964,0,111,28.69,39.13,48.03,set03/V000,night,,,,,
Adaptive_IRdrop10,0.0899,0.9795,0.1648,0.9163,1816,18375,38,1854,0.4637,0.9531,0.6238,0.1,225,31.707,2.769,623,0,111,28.69,39.13,48.03,set03/V000,night,0.738,0.073,0.189,0.0,0.699
Fusion_EOdrop10,0.0802,0.9973,0.1484,0.9368,1849,21218,5,1854,0.3851,0.9849,0.5537,0.1,306,31.386,3.732,1142,111,0,28.69,39.13,48.03,set03/V000,night,,,,,
Adaptive_EOdrop10,0.0978,0.9941,0.178,0.9382,1843,17006,11,1854,0.4749,0.979,0.6395,0.1,230,29.152,2.97,683,111,0,28.69,39.13,48.03,set03/V000,night,0.625,0.152,0.223,0.0,0.639
Fusion_IRdrop30,0.0755,0.986,0.1403,0.8961,1828,22371,26,1854,0.384,0.9504,0.547,0.1,293,35.474,3.621,1061,0,364,28.69,39.13,48.03,set03/V000,night,,,,,
Adaptive_IRdrop30,0.1089,0.9617,0.1957,0.8908,1783,14586,71,1854,0.4723,0.9304,0.6266,0.1,207,32.386,3.232,669,0,364,28.69,39.13,48.03,set03/V000,night,0.642,0.013,0.345,0.0,0.71
Fusion_EOdrop30,0.0969,0.9962,0.1767,0.9358,1847,17208,7,1854,0.4287,0.9838,0.5972,0.1,308,25.026,4.244,1307,364,0,28.69,39.13,48.03,set03/V000,night,,,,,
Adaptive_EOdrop30,0.1442,0.9935,0.2518,0.9429,1842,10936,12,1854,0.5625,0.98,0.7148,0.1,145,32.572,2.993,434,364,0,28.69,39.13,48.03,set03/V000,night,0.577,0.003,0.42,0.0,0.852
Fusion_IRdrop50,0.0759,0.9773,0.1409,0.8702,1812,22056,42,1854,0.3928,0.9239,0.5512,0.1,315,31.984,3.244,1022,0,602,28.69,39.13,48.03,set03/V000,night,,,,,
Adaptive_IRdrop50,0.0777,0.9612,0.1438,0.858,1782,21143,72,1854,0.4092,0.9045,0.5635,0.1,304,31.059,3.464,1053,0,602,28.69,39.13,48.03,set03/V000,night,0.767,0.176,0.057,0.0,0.454
Fusion_EOdrop50,0.1216,0.9957,0.2168,0.9381,1846,13330,8,1854,0.4841,0.9822,0.6485,0.1,304,19.523,3.454,1050,602,0,28.69,39.13,48.03,set03/V000,night,,,,,
Adaptive_EOdrop50,0.1538,0.9407,0.2644,0.8869,1744,9594,110,1854,0.5888,0.9213,0.7184,0.1,163,25.387,3.233,527,602,0,28.69,39.13,48.03,set03/V000,night,0.597,0.044,0.359,0.0,0.832
Fusion_IRdrop70,0.0765,0.9736,0.1419,0.8509,1805,21788,49,1854,0.3989,0.897,0.5522,0.1,312,32.234,3.119,973,0,832,28.69,39.13,48.03,set03/V000,night,,,,,
Adaptive_IRdrop70,0.0943,0.9671,0.1719,0.8544,1793,17219,61,1854,0.4448,0.8916,0.5935,0.1,262,31.511,3.382,886,0,832,28.69,39.13,48.03,set03/V000,night,0.637,0.18,0.183,0.0,0.463
Fusion_EOdrop70,0.1621,0.9951,0.2788,0.9435,1845,9537,9,1854,0.5545,0.9795,0.7081,0.1,251,18.203,2.112,530,832,0,28.69,39.13,48.03,set03/V000,night,,,,,
Adaptive_EOdrop70,0.1838,0.9951,0.3103,0.9489,1845,8194,9,1854,0.6258,0.9795,0.7637,0.1,144,27.91,2.056,296,832,0,28.69,39.13,48.03,set03/V000,night,0.63,0.0,0.37,0.0,0.805
Fusion_IRdelay1,0.0746,0.9957,0.1388,0.9208,1846,22907,8,1854,0.3655,0.9827,0.5328,0.1,318,33.575,3.063,974,0,1,28.69,39.13,48.03,set03/V000,night,,,,,
Adaptive_IRdelay1,0.1031,0.9951,0.1869,0.9205,1845,16044,9,1854,0.4833,0.9763,0.6465,0.1,209,30.689,2.507,524,0,1,28.69,39.13,48.03,set03/V000,night,0.636,0.053,0.311,0.0,0.742
Fusion_IRdelay2,0.0745,0.9968,0.1386,0.9012,1848,22967,6,1854,0.3598,0.98,0.5264,0.1,302,35.844,3.348,1011,0,2,28.69,39.13,48.03,set03/V000,night,,,,,
Adaptive_IRdelay2,0.1106,0.9924,0.199,0.905,1840,14801,14,1854,0.4648,0.9752,0.6295,0.1,196,33.776,2.643,518,0,2,28.69,39.13,48.03,set03/V000,night,0.592,0.043,0.366,0.0,0.74
Fusion_IRdelay5,0.0733,0.9908,0.1364,0.8004,1837,23235,17,1854,0.334,0.9552,0.4949,0.1,299,36.548,3.278,980,0,5,28.69,39.13,48.03,set03/V000,night,,,,,
Adaptive_IRdelay5,0.0886,0.9676,0.1623,0.7846,1794,18463,60,1854,0.3796,0.9169,0.537,0.1,245,33.224,2.612,640,0,5,28.69,39.13,48.03,set03/V000,night,0.639,0.157,0.204,0.0,0.539
