condition,precision,recall,f1,ap50,tp,fp,fn,n_gt,op_precision,op_recall,op_f1,op_conf,n_tracks,mean_track_len,frag_per_track,total_frag,eo_lost_frames,ir_lost_frames,lat_p50_ms,lat_p95_ms,lat_max_ms,sequence,time_of_day
EO_only,0.0602,0.4754,0.1069,0.3513,1238,19312,1366,2604,0.2703,0.4332,0.3329,0.1,327,22.156,1.217,398,0,1200,30.67,42.31,3591.1,set02/V001,day
IR_only,0.0493,0.528,0.0903,0.3024,1375,26491,1229,2604,0.2805,0.3802,0.3228,0.1,322,24.053,1.46,470,1200,0,30.67,42.31,3591.1,set02/V001,day
Fusion,0.038,0.6006,0.0715,0.3948,1564,39577,1040,2604,0.2049,0.5008,0.2908,0.1,560,22.104,1.155,647,0,0,30.67,42.31,3591.1,set02/V001,day
Fusion_IRdrop10,0.0392,0.5887,0.0734,0.3889,1533,37618,1071,2604,0.2094,0.495,0.2943,0.1,565,20.497,1.444,816,0,111,30.67,42.31,3591.1,set02/V001,day
Fusion_EOdrop10,0.0388,0.5925,0.0729,0.3828,1543,38183,1061,2604,0.2099,0.4889,0.2937,0.1,570,20.728,1.425,812,111,0,30.67,42.31,3591.1,set02/V001,day
Fusion_IRdrop30,0.0423,0.5634,0.0787,0.3739,1467,33222,1137,2604,0.2197,0.477,0.3009,0.1,578,17.863,1.614,933,0,364,30.67,42.31,3591.1,set02/V001,day
Fusion_EOdrop30,0.0409,0.5791,0.0764,0.3564,1508,35373,1096,2604,0.2199,0.4635,0.2983,0.1,579,18.478,1.566,907,364,0,30.67,42.31,3591.1,set02/V001,day
Fusion_IRdrop50,0.0462,0.5399,0.0852,0.3654,1406,29001,1198,2604,0.2316,0.4662,0.3095,0.1,565,16.039,1.411,797,0,602,30.67,42.31,3591.1,set02/V001,day
Fusion_EOdrop50,0.0425,0.558,0.0791,0.33,1453,32702,1151,2604,0.2316,0.4386,0.3032,0.1,568,17.327,1.512,859,602,0,30.67,42.31,3591.1,set02/V001,day
Fusion_IRdrop70,0.0507,0.5161,0.0923,0.3608,1344,25169,1260,2604,0.2475,0.4562,0.3209,0.1,508,16.756,1.313,667,0,832,30.67,42.31,3591.1,set02/V001,day
Fusion_EOdrop70,0.0448,0.5461,0.0827,0.3135,1422,30345,1182,2604,0.2456,0.414,0.3083,0.1,500,18.29,1.406,703,832,0,30.67,42.31,3591.1,set02/V001,day
Fusion_IRdelay1,0.037,0.5883,0.0697,0.3778,1532,39848,1072,2604,0.1992,0.4885,0.283,0.1,571,21.925,1.205,688,0,1,30.67,42.31,3591.1,set02/V001,day
Fusion_IRdelay2,0.0366,0.586,0.0688,0.3637,1526,40205,1078,2604,0.1946,0.4831,0.2775,0.1,573,21.455,1.065,610,0,2,30.67,42.31,3591.1,set02/V001,day
Fusion_IRdelay5,0.0342,0.5611,0.0646,0.3272,1461,41198,1143,2604,0.182,0.4674,0.262,0.1,578,22.291,1.256,726,0,5,30.67,42.31,3591.1,set02/V001,day
EO_only,0.0749,0.214,0.1109,0.1005,708,8749,2600,3308,0.3829,0.1067,0.1669,0.1,148,12.662,1.122,166,0,1200,31.53,42.63,88.6,set03/V001,night
IR_only,0.0492,0.6844,0.0917,0.3073,2264,43799,1044,3308,0.2918,0.4362,0.3496,0.1,441,25.785,1.179,520,1200,0,31.53,42.63,88.6,set03/V001,night
Fusion,0.0441,0.6956,0.0829,0.3176,2301,49923,1007,3308,0.278,0.445,0.3422,0.1,520,21.987,0.981,510,0,0,31.53,42.63,88.6,set03/V001,night
Fusion_IRdrop10,0.0447,0.6496,0.0836,0.3003,2149,45976,1159,3308,0.2828,0.4181,0.3374,0.1,526,18.926,1.911,1005,0,111,31.53,42.63,88.6,set03/V001,night
Fusion_EOdrop10,0.0444,0.6941,0.0834,0.3144,2296,49431,1012,3308,0.278,0.4423,0.3414,0.1,503,23.08,1.107,557,111,0,31.53,42.63,88.6,set03/V001,night
Fusion_IRdrop30,0.0472,0.5562,0.0871,0.2523,1840,37107,1468,3308,0.2876,0.3455,0.3139,0.1,557,13.424,2.504,1395,0,364,31.53,42.63,88.6,set03/V001,night
Fusion_EOdrop30,0.0454,0.692,0.0853,0.3098,2289,48097,1019,3308,0.2791,0.4389,0.3412,0.1,520,21.996,1.15,598,364,0,31.53,42.63,88.6,set03/V001,night
Fusion_IRdrop50,0.0483,0.4492,0.0872,0.204,1486,29302,1822,3308,0.2955,0.2778,0.2864,0.1,534,10.17,2.545,1359,0,602,31.53,42.63,88.6,set03/V001,night
Fusion_EOdrop50,0.0464,0.692,0.087,0.3087,2289,47001,1019,3308,0.2818,0.4392,0.3433,0.1,505,22.923,1.152,582,602,0,31.53,42.63,88.6,set03/V001,night
Fusion_IRdrop70,0.0522,0.3504,0.0908,0.1613,1159,21052,2149,3308,0.314,0.2122,0.2532,0.1,462,7.998,1.545,714,0,832,31.53,42.63,88.6,set03/V001,night
Fusion_EOdrop70,0.0474,0.6889,0.0887,0.3076,2279,45819,1029,3308,0.2853,0.4392,0.346,0.1,493,23.217,1.166,575,832,0,31.53,42.63,88.6,set03/V001,night
Fusion_IRdelay1,0.0429,0.6778,0.0806,0.2972,2242,50057,1066,3308,0.2655,0.4268,0.3273,0.1,524,22.002,1.057,554,0,1,31.53,42.63,88.6,set03/V001,night
Fusion_IRdelay2,0.0403,0.6391,0.0758,0.2289,2114,50338,1194,3308,0.232,0.3745,0.2865,0.1,515,22.293,1.041,536,0,2,31.53,42.63,88.6,set03/V001,night
Fusion_IRdelay5,0.0343,0.5475,0.0646,0.0922,1811,50939,1497,3308,0.1484,0.2449,0.1848,0.1,503,23.167,1.087,547,0,5,31.53,42.63,88.6,set03/V001,night
EO_only,0.0815,0.4615,0.1385,0.2134,1272,14343,1484,2756,0.3091,0.295,0.3019,0.1,304,16.635,1.102,335,0,1159,30.33,42.2,86.22,set01/V001,day
IR_only,0.0843,0.7391,0.1514,0.3827,2037,22124,719,2756,0.3932,0.5025,0.4412,0.1,376,20.013,1.636,615,1159,0,30.33,42.2,86.22,set01/V001,day
Fusion,0.0637,0.7928,0.1178,0.4066,2185,32143,571,2756,0.2989,0.5874,0.3962,0.1,567,18.434,1.427,809,0,0,30.33,42.2,86.22,set01/V001,day
Fusion_IRdrop10,0.0639,0.7522,0.1178,0.3775,2073,30360,683,2756,0.2958,0.5475,0.3841,0.1,570,17.088,1.667,950,0,108,30.33,42.2,86.22,set01/V001,day
Fusion_EOdrop10,0.0653,0.7881,0.1206,0.4002,2172,31097,584,2756,0.3072,0.578,0.4012,0.1,582,17.273,1.491,868,108,0,30.33,42.2,86.22,set01/V001,day
Fusion_IRdrop30,0.0668,0.6851,0.1218,0.3342,1888,26358,868,2756,0.2967,0.4815,0.3671,0.1,560,14.907,1.83,1025,0,349,30.33,42.2,86.22,set01/V001,day
Fusion_EOdrop30,0.0689,0.783,0.1266,0.396,2158,29180,598,2756,0.3209,0.5639,0.4091,0.1,564,16.798,1.606,906,349,0,30.33,42.2,86.22,set01/V001,day
Fusion_IRdrop50,0.0695,0.6281,0.1251,0.3074,1731,23181,1025,2756,0.3008,0.4343,0.3554,0.1,536,13.461,1.707,915,0,581,30.33,42.2,86.22,set01/V001,day
Fusion_EOdrop50,0.0727,0.7674,0.1327,0.3878,2115,26996,641,2756,0.3397,0.5457,0.4188,0.1,543,16.608,1.702,924,581,0,30.33,42.2,86.22,set01/V001,day
Fusion_IRdrop70,0.0744,0.5653,0.1315,0.2678,1558,19384,1198,2756,0.3076,0.3784,0.3394,0.1,472,13.261,1.386,654,0,806,30.33,42.2,86.22,set01/V001,day
Fusion_EOdrop70,0.0766,0.7558,0.1391,0.3791,2083,25119,673,2756,0.3575,0.5298,0.4269,0.1,513,16.579,1.573,807,806,0,30.33,42.2,86.22,set01/V001,day
Fusion_IRdelay1,0.0606,0.7656,0.1124,0.3621,2110,32689,646,2756,0.2825,0.5599,0.3755,0.1,578,18.443,1.415,818,0,1,30.33,42.2,86.22,set01/V001,day
Fusion_IRdelay2,0.0573,0.734,0.1064,0.2858,2023,33253,733,2756,0.2516,0.5087,0.3367,0.1,585,18.371,1.364,798,0,2,30.33,42.2,86.22,set01/V001,day
Fusion_IRdelay5,0.051,0.6694,0.0948,0.2126,1845,34330,911,2756,0.2137,0.4314,0.2859,0.1,586,18.621,1.311,768,0,5,30.33,42.2,86.22,set01/V001,day
EO_only,0.0724,0.9035,0.1341,0.6613,2949,37773,315,3264,0.4111,0.7733,0.5368,0.1,505,24.323,1.236,624,0,1200,30.6,41.55,69.81,set11/V000,night
IR_only,0.0397,0.8894,0.076,0.4965,2903,70247,361,3264,0.3123,0.697,0.4313,0.1,670,26.397,1.345,901,1200,0,30.6,41.55,69.81,set11/V000,night
Fusion,0.033,0.966,0.0638,0.675,3153,92423,111,3264,0.2428,0.8879,0.3813,0.1,1025,24.694,1.092,1119,0,0,30.6,41.55,69.81,set11/V000,night
Fusion_IRdrop10,0.0346,0.9593,0.0667,0.6715,3131,87452,133,3264,0.2505,0.8759,0.3896,0.1,1036,23.024,1.439,1491,0,111,30.6,41.55,69.81,set11/V000,night
Fusion_EOdrop10,0.0334,0.9586,0.0646,0.6628,3129,90464,135,3264,0.2469,0.8729,0.3849,0.1,1003,24.609,1.242,1246,111,0,30.6,41.55,69.81,set11/V000,night
Fusion_IRdrop30,0.0389,0.9449,0.0747,0.6618,3084,76207,180,3264,0.2732,0.8545,0.414,0.1,1048,19.707,1.696,1777,0,364,30.6,41.55,69.81,set11/V000,night
Fusion_EOdrop30,0.0347,0.9445,0.067,0.6245,3083,85655,181,3264,0.2599,0.8358,0.3965,0.1,1039,22.38,1.284,1334,364,0,30.6,41.55,69.81,set11/V000,night
Fusion_IRdrop50,0.0448,0.9354,0.0854,0.6586,3053,65152,211,3264,0.3,0.8312,0.4409,0.1,1002,18.107,1.778,1782,0,602,30.6,41.55,69.81,set11/V000,night
Fusion_EOdrop50,0.0359,0.9286,0.0692,0.5899,3031,81291,233,3264,0.2728,0.7999,0.4068,0.1,1004,21.86,1.321,1326,602,0,30.6,41.55,69.81,set11/V000,night
Fusion_IRdrop70,0.0522,0.9206,0.0989,0.6589,3005,54520,259,3264,0.334,0.8061,0.4723,0.1,899,17.501,1.394,1253,0,832,30.6,41.55,69.81,set11/V000,night
Fusion_EOdrop70,0.0374,0.9133,0.0718,0.5593,2981,76814,283,3264,0.2878,0.7607,0.4176,0.1,920,22.375,1.21,1113,832,0,30.6,41.55,69.81,set11/V000,night
Fusion_IRdelay1,0.0326,0.9586,0.063,0.6488,3129,92916,135,3264,0.2389,0.8839,0.3761,0.1,1029,24.534,1.012,1041,0,1,30.6,41.55,69.81,set11/V000,night
Fusion_IRdelay2,0.0325,0.9605,0.0629,0.6086,3135,93294,129,3264,0.2332,0.8771,0.3685,0.1,1006,25.417,1.087,1094,0,2,30.6,41.55,69.81,set11/V000,night
Fusion_IRdelay5,0.0317,0.9476,0.0614,0.5257,3093,94469,171,3264,0.2211,0.8581,0.3516,0.1,1046,24.641,1.052,1100,0,5,30.6,41.55,69.81,set11/V000,night
EO_only,0.0512,0.3954,0.0906,0.1758,1959,36326,2995,4954,0.2084,0.2969,0.2449,0.1,735,17.854,1.186,872,0,1200,29.66,41.8,92.16,set08/V002,day
IR_only,0.0499,0.4253,0.0893,0.1229,2107,40144,2847,4954,0.2707,0.1587,0.2001,0.1,483,18.077,1.64,792,1200,0,29.66,41.8,92.16,set08/V002,day
Fusion,0.0363,0.5252,0.068,0.219,2602,69006,2352,4954,0.1905,0.3539,0.2477,0.1,1072,17.752,1.161,1245,0,0,29.66,41.8,92.16,set08/V002,day
Fusion_IRdrop10,0.0374,0.5147,0.0697,0.2158,2550,65655,2404,4954,0.1928,0.3492,0.2484,0.1,1056,17.247,1.425,1505,0,111,29.66,41.8,92.16,set08/V002,day
Fusion_EOdrop10,0.0369,0.5133,0.0688,0.2066,2543,66406,2411,4954,0.1925,0.3347,0.2444,0.1,1098,16.289,1.43,1570,111,0,29.66,41.8,92.16,set08/V002,day
Fusion_IRdrop30,0.0396,0.4875,0.0732,0.206,2415,58588,2539,4954,0.1956,0.3365,0.2474,0.1,1053,15.394,1.454,1531,0,364,29.66,41.8,92.16,set08/V002,day
Fusion_EOdrop30,0.039,0.4964,0.0723,0.178,2459,60629,2495,4954,0.1968,0.2931,0.2355,0.1,1128,13.804,1.587,1790,364,0,29.66,41.8,92.16,set08/V002,day
Fusion_IRdrop50,0.0416,0.459,0.0762,0.1981,2274,52423,2680,4954,0.1997,0.3276,0.2481,0.1,997,15.147,1.482,1478,0,602,29.66,41.8,92.16,set08/V002,day
Fusion_EOdrop50,0.0411,0.4752,0.0756,0.1572,2354,54952,2600,4954,0.2072,0.2572,0.2295,0.1,1087,12.265,1.5,1631,602,0,29.66,41.8,92.16,set08/V002,day
Fusion_IRdrop70,0.0443,0.43,0.0804,0.1879,2130,45927,2824,4954,0.2023,0.3147,0.2463,0.1,910,15.482,1.311,1193,0,832,29.66,41.8,92.16,set08/V002,day
Fusion_EOdrop70,0.0439,0.4546,0.0801,0.1369,2252,49008,2702,4954,0.2209,0.2164,0.2186,0.1,926,12.421,1.389,1286,832,0,29.66,41.8,92.16,set08/V002,day
Fusion_IRdelay1,0.0358,0.5204,0.0669,0.2129,2578,69495,2376,4954,0.1884,0.3502,0.245,0.1,1079,17.69,1.173,1266,0,1,29.66,41.8,92.16,set08/V002,day
Fusion_IRdelay2,0.035,0.5115,0.0655,0.2113,2534,69914,2420,4954,0.1885,0.3502,0.2451,0.1,1091,17.366,1.173,1280,0,2,29.66,41.8,92.16,set08/V002,day
Fusion_IRdelay5,0.0343,0.5081,0.0642,0.2037,2517,70950,2437,4954,0.188,0.35,0.2446,0.1,1067,18.15,1.231,1313,0,5,29.66,41.8,92.16,set08/V002,day
EO_only,0.0642,0.5291,0.1145,0.2556,981,14303,873,1854,0.4891,0.2535,0.3339,0.1,134,17.269,1.612,216,0,1200,29.28,41.08,50.51,set03/V000,night
IR_only,0.0463,0.8371,0.0878,0.608,1552,31951,302,1854,0.3885,0.6807,0.4947,0.1,316,24.449,1.826,577,1200,0,29.28,41.08,50.51,set03/V000,night
Fusion,0.0356,0.8792,0.0684,0.6344,1630,44176,224,1854,0.3641,0.7136,0.4821,0.1,395,22.01,1.691,668,0,0,29.28,41.08,50.51,set03/V000,night
Fusion_IRdrop10,0.0364,0.8479,0.0697,0.6006,1572,41653,282,1854,0.3685,0.6753,0.4768,0.1,395,20.048,2.154,851,0,111,29.28,41.08,50.51,set03/V000,night
Fusion_EOdrop10,0.0362,0.8749,0.0696,0.6319,1622,43141,232,1854,0.3667,0.7109,0.4838,0.1,393,21.583,1.786,702,111,0,29.28,41.08,50.51,set03/V000,night
Fusion_IRdrop30,0.04,0.7767,0.0761,0.5107,1440,34550,414,1854,0.3819,0.5696,0.4572,0.1,402,14.415,2.54,1021,0,364,29.28,41.08,50.51,set03/V000,night
Fusion_EOdrop30,0.0382,0.8657,0.0733,0.6263,1605,40357,249,1854,0.3702,0.7012,0.4845,0.1,396,20.944,1.763,698,364,0,29.28,41.08,50.51,set03/V000,night
Fusion_IRdrop50,0.0433,0.7017,0.0816,0.4322,1301,28730,553,1854,0.3879,0.4779,0.4282,0.1,397,11.809,2.322,922,0,602,29.28,41.08,50.51,set03/V000,night
Fusion_EOdrop50,0.04,0.8592,0.0765,0.6209,1593,38188,261,1854,0.3744,0.6996,0.4878,0.1,385,21.94,1.894,729,602,0,29.28,41.08,50.51,set03/V000,night
Fusion_IRdrop70,0.0468,0.6241,0.0871,0.3512,1157,23546,697,1854,0.3969,0.3873,0.392,0.1,361,10.357,1.726,623,0,832,29.28,41.08,50.51,set03/V000,night
Fusion_EOdrop70,0.0422,0.8501,0.0803,0.6159,1576,35804,278,1854,0.3798,0.6969,0.4916,0.1,374,21.527,1.719,643,832,0,29.28,41.08,50.51,set03/V000,night
Fusion_IRdelay1,0.0349,0.8641,0.0671,0.6044,1602,44272,252,1854,0.3569,0.7039,0.4737,0.1,389,22.198,1.689,657,0,1,29.28,41.08,50.51,set03/V000,night
Fusion_IRdelay2,0.0338,0.8376,0.0649,0.5514,1553,44432,301,1854,0.3353,0.6694,0.4468,0.1,384,22.393,1.729,664,0,2,29.28,41.08,50.51,set03/V000,night
Fusion_IRdelay5,0.0314,0.7832,0.0605,0.445,1452,44723,402,1854,0.2907,0.5787,0.387,0.1,396,21.72,1.634,647,0,5,29.28,41.08,50.51,set03/V000,night
